{
    "model class": "DecTrans",
    "dataset class": "HexDataset",
    "dataset sizes": [
        262144,
        52428,
        26214
    ],
    "model args": {
        "d_model": 64,
        "d_sa": 64,
        "d_ffwd": 256,
        "n_head": 8,
        "n_lay": 3
    },
    "model size": 149952,
    "train args": {
        "lr": 0.01,
        "batch_size": 2048,
        "epochs": 10
    },
    "train loss": [
        2.96516796015203,
        2.750035999342799,
        2.399472016841173,
        2.2106298618018627,
        2.1116021182388067,
        2.031643822789192,
        1.9741103425621986,
        1.9327085642144084,
        1.901731375604868,
        1.884270922280848
    ],
    "valid loss": [
        2.898401196186359,
        2.530188982303326,
        2.2814984963490414,
        2.1148475133455715,
        2.029910316834083,
        1.9524438289495616,
        1.9021973243126502,
        1.858471155166626,
        1.8327625806515033,
        1.8231207728385925
    ],
    "train time": 207.24247591699896,
    "test args": {
        "batch_size": 2048
    },
    "test accuracy": 0.00019073777370870527
}