{
    "model class": "DecTrans",
    "dataset class": "ArithDataset",
    "dataset sizes": [
        512000,
        102400,
        51200
    ],
    "model args": {
        "d_model": 256,
        "d_sa": 256,
        "d_ffwd": 1024,
        "n_head": 8,
        "n_lay": 5
    },
    "model size": 3948800,
    "flops per input": 153809408,
    "train args": {
        "lr": 0.0015,
        "batch_size": 512,
        "epochs": 10
    },
    "train loss": [
        1.829725447177887,
        1.1022861696481705,
        0.9228223640322685,
        0.8147631992697716,
        0.740967092871666,
        0.6787843137979508,
        0.6226736658811569,
        0.577720927119255,
        0.5470422395169735,
        0.5285871214568615
    ],
    "valid loss": [
        1.2160775846242904,
        0.9367793402075768,
        0.7841531690955162,
        0.7056633684039116,
        0.63597124427557,
        0.574268625676632,
        0.5248854610323906,
        0.48724536076188085,
        0.4676592819392681,
        0.45670896872878075
    ],
    "train time": 3227.533804583,
    "test args": {
        "batch_size": 2048
    },
    "test accuracy": 0.6153515625
}