{
    "model class": "DecTrans",
    "dataset class": "ArithDataset",
    "dataset sizes": [
        512000,
        102400,
        51200
    ],
    "model args": {
        "d_model": 256,
        "d_sa": 256,
        "d_ffwd": 1024,
        "n_head": 8,
        "n_lay": 5
    },
    "model size": 3948800,
    "flops per input": 153809408,
    "train args": {
        "lr": 0.002,
        "batch_size": 512,
        "epochs": 10
    },
    "train loss": [
        1.7703154761791229,
        1.1774994542598725,
        1.035271678686142,
        0.9356922074556351,
        0.8449510989785194,
        0.7665578490495681,
        0.7033691617846489,
        0.6560612078309059,
        0.6216204147934914,
        0.6022132605314254
    ],
    "valid loss": [
        1.2142665052413941,
        1.0360463884472848,
        0.9113837561011314,
        0.8128304892778396,
        0.717430579662323,
        0.6456621992588043,
        0.5926207274198532,
        0.5523763725161552,
        0.5342358355224133,
        0.5225542715191841
    ],
    "train time": 2954.114201824,
    "test args": {
        "batch_size": 2048
    },
    "test accuracy": 0.56078125
}