{
    "model class": "DecTrans",
    "dataset class": "ArithDataset",
    "dataset sizes": [
        512000,
        102400,
        51200
    ],
    "model args": {
        "d_model": 256,
        "d_sa": 256,
        "d_ffwd": 1024,
        "n_head": 8,
        "n_lay": 5
    },
    "model size": 3948800,
    "flops per input": 153809408,
    "train args": {
        "lr": 0.0012,
        "batch_size": 512,
        "epochs": 10
    },
    "train loss": [
        1.8785292751789093,
        1.0887713213562966,
        0.9057471143007279,
        0.7946426093578338,
        0.7158350617885589,
        0.640166387975216,
        0.5785715903639793,
        0.5345438687801362,
        0.5037262417674064,
        0.48676588109135627
    ],
    "valid loss": [
        1.1989064049720763,
        0.9190547075867653,
        0.7756713503599166,
        0.6841949811577797,
        0.6040119537711144,
        0.5282170568406582,
        0.48362733006477354,
        0.4467201906442642,
        0.42696006268262865,
        0.4193778985738754
    ],
    "train time": 3348.9455477399997,
    "test args": {
        "batch_size": 2048
    },
    "test accuracy": 0.6465625
}