{
    "model class": "DecTrans",
    "dataset class": "ArithDataset",
    "dataset sizes": [
        512000,
        102400,
        51200
    ],
    "model args": {
        "d_model": 64,
        "d_sa": 64,
        "d_ffwd": 256,
        "n_head": 8,
        "n_lay": 3
    },
    "model size": 149952,
    "flops per input": 6281856,
    "train args": {
        "lr": 0.004,
        "batch_size": 512,
        "epochs": 10
    },
    "train loss": [
        1.857339518070221,
        1.2464929844141006,
        1.1172030384540559,
        1.0533386896252632,
        1.007985653936863,
        0.9709734793901443,
        0.9407772676944732,
        0.9177735025286674,
        0.9000664554834366,
        0.8884678022861481
    ],
    "valid loss": [
        1.3457299089431762,
        1.084663885831833,
        1.0083005657792092,
        0.9311110931634903,
        0.8870560115575791,
        0.8444937914609909,
        0.8153659471869469,
        0.791192294061184,
        0.7768116295337677,
        0.7718417051434517
    ],
    "train time": 470.9830214140002,
    "test args": {
        "batch_size": 2048
    },
    "test accuracy": 0.397421875
}