{
    "model class": "DecTrans",
    "dataset class": "ArithDataset",
    "dataset sizes": [
        512000,
        102400,
        51200
    ],
    "model args": {
        "d_model": 64,
        "d_sa": 64,
        "d_ffwd": 256,
        "n_head": 8,
        "n_lay": 3
    },
    "model size": 149952,
    "flops per input": 6281856,
    "train args": {
        "lr": 0.005,
        "batch_size": 512,
        "epochs": 10
    },
    "train loss": [
        1.8013915264606475,
        1.2362313106060028,
        1.1146692538261413,
        1.0553478173613549,
        1.0110119344592094,
        0.9727462010383606,
        0.9421956248879433,
        0.9161963723301888,
        0.8986321839094162,
        0.8889663544893265
    ],
    "valid loss": [
        1.3016641879081725,
        1.1001541775465011,
        0.9956256094574928,
        0.9346882221102715,
        0.884318582713604,
        0.8431612828373909,
        0.8114975351095199,
        0.7885605245828629,
        0.7750474038720131,
        0.7687033778429031
    ],
    "train time": 464.4479818399998,
    "test args": {
        "batch_size": 2048
    },
    "test accuracy": 0.40009765625
}