{
    "model class": "DecTrans",
    "dataset class": "ArithDataset",
    "dataset sizes": [
        512000,
        102400,
        51200
    ],
    "model args": {
        "d_model": 32,
        "d_sa": 32,
        "d_ffwd": 128,
        "n_head": 8,
        "n_lay": 3
    },
    "model size": 38112,
    "flops per input": 1740096,
    "train args": {
        "lr": 0.006,
        "batch_size": 512,
        "epochs": 10
    },
    "train loss": [
        1.8766151356697083,
        1.3925585688352584,
        1.2902806795835495,
        1.2362855058908462,
        1.2000856983661652,
        1.1747047358751297,
        1.1536073994636535,
        1.1378476845026015,
        1.1260803235769272,
        1.1195207298994065
    ],
    "valid loss": [
        1.433653045296669,
        1.25415387570858,
        1.1647407978773117,
        1.1191857719421388,
        1.0877982699871063,
        1.063087411224842,
        1.0360670518875121,
        1.027513309121132,
        1.0149414962530137,
        1.0083221450448037
    ],
    "train time": 324.20226098499995,
    "test args": {
        "batch_size": 2048
    },
    "test accuracy": 0.2596875
}