{
    "model class": "ReTrans",
    "dataset class": "ArithDataset",
    "dataset sizes": [
        512000,
        102400,
        51200
    ],
    "model args": {
        "d_model": 32,
        "d_sa": 32,
        "d_lstm": 128,
        "n_head": 8,
        "n_lay": 3
    },
    "model size": 138240,
    "flops per input": 5346816,
    "train args": {
        "lr": 0.007,
        "batch_size": 512,
        "epochs": 10
    },
    "train loss": [
        1.592698360145092,
        0.8846483284831047,
        0.7689455340504646,
        0.6852209228277206,
        0.62722352206707,
        0.5756142050623894,
        0.5316275118291378,
        0.4964698721766472,
        0.47090624588727953,
        0.45478745993971825
    ],
    "valid loss": [
        0.994374129474163,
        0.7818192127346992,
        0.6894319358468056,
        0.6131509408354759,
        0.5685364305973053,
        0.5409920769929886,
        0.48414146482944487,
        0.45638257563114165,
        0.4395625071227551,
        0.42982307136058806
    ],
    "train time": 5390.705389450995,
    "test args": {
        "batch_size": 2048
    },
    "test accuracy": 0.62669921875
}