{
    "model class": "DecTrans",
    "dataset class": "ArithDataset",
    "dataset sizes": [
        512000,
        102400,
        51200
    ],
    "model args": {
        "d_model": 64,
        "d_sa": 64,
        "d_ffwd": 256,
        "n_head": 8,
        "n_lay": 3
    },
    "model size": 149952,
    "flops per input": 6281856,
    "train args": {
        "lr": 0.0045,
        "batch_size": 512,
        "epochs": 10
    },
    "train loss": [
        1.8417049192190171,
        1.2594315618276597,
        1.1251337978839875,
        1.0633177067041397,
        1.0187888298630714,
        0.9822534518241882,
        0.9513747674226761,
        0.9263836594223976,
        0.9094846810698509,
        0.9002409046888351
    ],
    "valid loss": [
        1.3440140140056611,
        1.0930068480968476,
        0.9957554686069489,
        0.9431927040219307,
        0.9007713472843171,
        0.8559731432795524,
        0.8288433396816254,
        0.8064783629775047,
        0.7904303082823754,
        0.7869286978244782
    ],
    "train time": 558.022420887,
    "test args": {
        "batch_size": 2048
    },
    "test accuracy": 0.38666015625
}