{
    "model class": "ReTrans",
    "dataset class": "ArithDataset",
    "dataset sizes": [
        512000,
        102400,
        51200
    ],
    "model args": {
        "d_model": 32,
        "d_sa": 32,
        "d_lstm": 128,
        "n_head": 8,
        "n_lay": 3
    },
    "model size": 138240,
    "flops per input": 5346816,
    "train args": {
        "lr": 0.006,
        "batch_size": 512,
        "epochs": 10
    },
    "train loss": [
        1.628551138818264,
        0.8935529520511627,
        0.7709289029240608,
        0.7060369260311127,
        0.6468467944264412,
        0.5790335703194142,
        0.5337747241556644,
        0.500863107830286,
        0.4733883197307587,
        0.4576197381913662
    ],
    "valid loss": [
        1.00416066467762,
        0.7875935769081116,
        0.6969281953573226,
        0.6550060111284256,
        0.5873234593868255,
        0.5290773974359035,
        0.49474670872092247,
        0.4612122210860252,
        0.44589909955859186,
        0.4369644159078598
    ],
    "train time": 6971.811271721999,
    "test args": {
        "batch_size": 2048
    },
    "test accuracy": 0.6217578125
}