{
    "model class": "MultiLayLSTM",
    "dataset class": "ArithDataset",
    "dataset sizes": [
        512000,
        102400,
        51200
    ],
    "model args": {
        "d_model": 128,
        "d_lstm": 512,
        "n_lay": 5
    },
    "model size": 3292800,
    "flops per input": 124742144,
    "train args": {
        "lr": 0.002,
        "batch_size": 512,
        "epochs": 10
    },
    "train loss": [
        1.6995146030187607,
        0.7950098032355308,
        0.635753596007824,
        0.5271864922642708,
        0.4630121898949146,
        0.4151443221271038,
        0.36896660128235814,
        0.33228298464417455,
        0.30244474121928216,
        0.28372862792015074
    ],
    "valid loss": [
        0.9411190518736839,
        0.6887411013245582,
        0.5521935629844665,
        0.49068675145506857,
        0.4487608915567398,
        0.39312919810414315,
        0.36179412111639975,
        0.3397779978811741,
        0.3266517488658428,
        0.32399117782711984
    ],
    "train time": 8593.217671341998,
    "test args": {
        "batch_size": 512
    },
    "test accuracy": 0.71791015625
}