{
    "device": "NVIDIA GeForce RTX 2060 with Max-Q Design",
    "model class": "ReTrans",
    "dataset class": "ArithDataset",
    "dataset sizes": [
        512000,
        102400,
        51200
    ],
    "model args": {
        "d_model": 128,
        "d_sa": 128,
        "d_lstm": 512,
        "n_head": 8,
        "n_lay": 5
    },
    "model size": 3624960,
    "flops per input": 138427904,
    "train args": {
        "lr": 0.0013,
        "batch_size": 512,
        "epochs": 10
    },
    "train loss": [
        1.8875382835268975,
        0.7779834216237068,
        0.5588134185671806,
        0.4416662218272686,
        0.37821886426210405,
        0.33593105322122574,
        0.29880336099863053,
        0.2654542067945003,
        0.2404335864186287,
        0.22486171141266822
    ],
    "valid loss": [
        0.9995882439613343,
        0.630590560734272,
        0.4793982507288456,
        0.4180701306462288,
        0.36390232771635056,
        0.3240215586125851,
        0.30009170308709143,
        0.2859310209006071,
        0.2777022160589695,
        0.27626964025199413
    ],
    "train time": 20017.579299007,
    "test args": {
        "batch_size": 512
    },
    "test accuracy": 0.7583203125
}