{
    "model class": "DecTrans",
    "dataset class": "ArithDataset",
    "dataset sizes": [
        512000,
        102400,
        51200
    ],
    "model args": {
        "d_model": 64,
        "d_sa": 64,
        "d_ffwd": 256,
        "n_head": 8,
        "n_lay": 3
    },
    "model size": 149952,
    "flops per input": 6281856,
    "train args": {
        "lr": 0.006,
        "batch_size": 512,
        "epochs": 10
    },
    "train loss": [
        1.782971666097641,
        1.246215004324913,
        1.1370757174491883,
        1.0840538169741631,
        1.0408380848765373,
        1.0020047953128814,
        0.9685671572685242,
        0.9427967848181724,
        0.9241164777874946,
        0.9126278648376465
    ],
    "valid loss": [
        1.3064139658212661,
        1.1040314829349518,
        1.0276941323280335,
        0.968620283305645,
        0.9202743059396744,
        0.8840016773343087,
        0.8463506516814232,
        0.8249999102950096,
        0.8091319292783737,
        0.8010801607370377
    ],
    "train time": 459.5063762799998,
    "test args": {
        "batch_size": 2048
    },
    "test accuracy": 0.38634765625
}