{
    "model class": "DecTrans",
    "dataset class": "ArithDataset",
    "dataset sizes": [
        512000,
        102400,
        51200
    ],
    "model args": {
        "d_model": 256,
        "d_sa": 256,
        "d_ffwd": 1024,
        "n_head": 8,
        "n_lay": 5
    },
    "model size": 3948800,
    "flops per input": 153809408,
    "train args": {
        "lr": 0.001,
        "batch_size": 512,
        "epochs": 10
    },
    "train loss": [
        1.9374132400751114,
        1.0938537355661393,
        0.8818446969985962,
        0.7732023388743401,
        0.6951666669845581,
        0.6263451393246651,
        0.5714595712125301,
        0.5273010793030262,
        0.4973969295620918,
        0.4810169892013073
    ],
    "valid loss": [
        1.246037756204605,
        0.9020304915308952,
        0.7396587410569191,
        0.662105156481266,
        0.5851720321178436,
        0.5259483921527862,
        0.47787079453468323,
        0.446413602232933,
        0.42570102229714396,
        0.4167187611758709
    ],
    "train time": 3422.1895275879997,
    "test args": {
        "batch_size": 2048
    },
    "test accuracy": 0.64896484375
}