{
    "device": "NVIDIA GeForce RTX 2060 with Max-Q Design",
    "model class": "MultiLayLSTM",
    "dataset class": "HexDataset",
    "dataset sizes": [
        512000,
        102400,
        51200
    ],
    "model args": {
        "d_model": 32,
        "d_lstm": 128,
        "n_lay": 3
    },
    "model size": 125280,
    "flops per input": 2852000,
    "train args": {
        "lr": 0.0067,
        "batch_size": 512,
        "epochs": 10
    },
    "train loss": [
        2.3911023240089415,
        2.6192248120307924,
        2.615410054206848,
        2.54221732544899,
        2.6990873429775237,
        2.6287671394348147,
        2.6110711953639982,
        2.229913648843765,
        2.0496986010074614,
        1.9902737380266189
    ],
    "valid loss": [
        2.7723801350593567,
        2.610586564540863,
        2.4163524317741394,
        2.7039027404785156,
        2.673789087533951,
        2.604556466341019,
        2.5655371034145356,
        2.088634740114212,
        1.9852232211828231,
        1.9478148144483567
    ],
    "train time": 1349.1164500589948,
    "test args": {
        "batch_size": 512
    },
    "test accuracy": 7.8125e-05
}