{
    "device": "NVIDIA GeForce RTX 2060 with Max-Q Design",
    "model class": "MultiLayLSTM",
    "dataset class": "HexDataset",
    "dataset sizes": [
        512000,
        102400,
        51200
    ],
    "model args": {
        "d_model": 64,
        "d_lstm": 256,
        "n_lay": 4
    },
    "model size": 661760,
    "flops per input": 15132160,
    "train args": {
        "lr": 0.002,
        "batch_size": 512,
        "epochs": 10
    },
    "train loss": [
        2.5335538423061372,
        1.9513473494052886,
        1.610727011203766,
        1.5073158514499665,
        1.457549697637558,
        1.4089332681894302,
        1.3742428855895996,
        1.3447805706262588,
        1.3227053867578507,
        1.3094097534418105
    ],
    "valid loss": [
        2.159954422712326,
        1.7086912781000136,
        1.5351022028923034,
        1.4613768142461776,
        1.418172904253006,
        1.3824060100317002,
        1.3432301968336104,
        1.31928723692894,
        1.298302838206291,
        1.2895583611726762
    ],
    "train time": 1833.2396477290313,
    "test args": {
        "batch_size": 512
    },
    "test accuracy": 0.0043359375
}