{
    "device": "NVIDIA GeForce RTX 2060 with Max-Q Design",
    "model class": "MultiLayLSTM",
    "dataset class": "HexDataset",
    "dataset sizes": [
        512000,
        102400,
        51200
    ],
    "model args": {
        "d_model": 32,
        "d_lstm": 128,
        "n_lay": 3
    },
    "model size": 125280,
    "flops per input": 2852000,
    "train args": {
        "lr": 0.003,
        "batch_size": 512,
        "epochs": 10
    },
    "train loss": [
        2.471044461965561,
        1.946446373462677,
        1.7740969512462617,
        1.7052736873626708,
        1.690638619184494,
        1.635055258512497,
        1.6082751194238663,
        1.5869733622074127,
        1.5722022663354873,
        1.5634007729291917
    ],
    "valid loss": [
        2.155892038345337,
        1.8141554433107376,
        1.726581397652626,
        1.6643105375766754,
        1.6386046206951141,
        1.6043313544988633,
        1.5890571266412734,
        1.5708689999580383,
        1.5557009959220887,
        1.55128291785717
    ],
    "train time": 1589.232631181978,
    "test args": {
        "batch_size": 512
    },
    "test accuracy": 0.0009375
}