{
    "device": "NVIDIA GeForce RTX 2060 with Max-Q Design",
    "model class": "MultiLayLSTM",
    "dataset class": "ArithDataset",
    "dataset sizes": [
        512000,
        102400,
        51200
    ],
    "model args": {
        "d_model": 32,
        "d_lstm": 128,
        "n_lay": 3
    },
    "model size": 125280,
    "flops per input": 4713216,
    "train args": {
        "lr": 0.0067,
        "batch_size": 512,
        "epochs": 10
    },
    "train loss": [
        1.6236048194169999,
        0.9567018575668335,
        0.8433373981118202,
        0.7834683874249458,
        0.7289258596897126,
        0.6753481091856957,
        0.6326147987246513,
        0.5745142264068127,
        0.5418646448552609,
        0.5251500123143196
    ],
    "valid loss": [
        1.0393477869033814,
        0.8704317727684975,
        0.7826979210972786,
        0.7225094750523567,
        0.6721910700201988,
        0.6258410462737083,
        0.5748646973073482,
        0.5304653279483318,
        0.5137297837436199,
        0.5029025903344154
    ],
    "train time": 2210.8191016530036,
    "test args": {
        "batch_size": 512
    },
    "test accuracy": 0.57244140625
}