{
    "device": "NVIDIA GeForce RTX 2060 with Max-Q Design",
    "model class": "MultiLayLSTM",
    "dataset class": "HexDataset",
    "dataset sizes": [
        512000,
        102400,
        51200
    ],
    "model args": {
        "d_model": 32,
        "d_lstm": 128,
        "n_lay": 3
    },
    "model size": 125280,
    "flops per input": 2852000,
    "train args": {
        "lr": 0.0008,
        "batch_size": 512,
        "epochs": 10
    },
    "train loss": [
        2.7160716211795806,
        2.1776865990161896,
        1.9997243431806564,
        1.9250419640541077,
        1.8651537525653838,
        1.8250733482837678,
        1.7988098332881928,
        1.7818583790063858,
        1.7718927459716798,
        1.7666955697536468
    ],
    "valid loss": [
        2.311386938095093,
        2.0501283705234528,
        1.954503224492073,
        1.8767878854274749,
        1.8264798265695572,
        1.8048320978879928,
        1.8007378512620926,
        1.7686668598651887,
        1.7648420053720475,
        1.7642709010839461
    ],
    "train time": 1601.2628415730142,
    "test args": {
        "batch_size": 512
    },
    "test accuracy": 0.00041015625
}