{
    "device": "NVIDIA GeForce RTX 2060 with Max-Q Design",
    "model class": "MultiLayLSTM",
    "dataset class": "HexDataset",
    "dataset sizes": [
        512000,
        102400,
        51200
    ],
    "model args": {
        "d_model": 32,
        "d_lstm": 128,
        "n_lay": 3
    },
    "model size": 125280,
    "flops per input": 2852000,
    "train args": {
        "lr": 0.0067,
        "batch_size": 512,
        "epochs": 10
    },
    "train loss": [
        2.611546897649765,
        2.7142117261886596,
        2.6666061041355134,
        2.2312681891918182,
        2.0743498927354813,
        1.9606538099050521,
        1.8894422683715821,
        1.846527258992195,
        1.8167936273813248,
        1.8001879369020461
    ],
    "valid loss": [
        2.738122465610504,
        2.7090663957595824,
        2.507025772333145,
        2.112879968881607,
        1.9940670341253282,
        1.9157950055599213,
        1.8506565755605697,
        1.8098500913381577,
        1.7901653528213501,
        1.7771248865127562
    ],
    "train time": 1570.883661513013,
    "test args": {
        "batch_size": 512
    },
    "test accuracy": 0.00029296875
}