{
    "device": "NVIDIA GeForce RTX 2060 with Max-Q Design",
    "model class": "MultiLayLSTM",
    "dataset class": "HexDataset",
    "dataset sizes": [
        512000,
        102400,
        51200
    ],
    "model args": {
        "d_model": 32,
        "d_lstm": 128,
        "n_lay": 3
    },
    "model size": 125280,
    "flops per input": 2852000,
    "train args": {
        "lr": 0.004,
        "batch_size": 512,
        "epochs": 10
    },
    "train loss": [
        2.406649782180786,
        1.9225848462581634,
        1.7283126109838485,
        1.6572048616409303,
        1.6184336638450623,
        1.5888686410188675,
        1.5613563555479049,
        1.5367534748315812,
        1.5186539013385774,
        1.5087249643802643
    ],
    "valid loss": [
        1.9835246974229812,
        1.7653064876794815,
        1.6771721565723419,
        1.6236334949731828,
        1.5935226494073869,
        1.5642431688308716,
        1.5348387956619263,
        1.5133101892471315,
        1.5008679133653642,
        1.4934980535507203
    ],
    "train time": 1325.6752630329865,
    "test args": {
        "batch_size": 512
    },
    "test accuracy": 0.00080078125
}