{
    "device": "NVIDIA GeForce RTX 2060 with Max-Q Design",
    "model class": "ReTrans",
    "dataset class": "SatSolveDataset",
    "dataset sizes": [
        512000,
        102400,
        51200
    ],
    "model args": {
        "d_model": 32,
        "d_sa": 32,
        "d_lstm": 128,
        "n_head": 8,
        "n_lay": 3
    },
    "model size": 138240,
    "flops per input": 15111712,
    "train args": {
        "lr": 0.007,
        "batch_size": 512,
        "epochs": 10
    },
    "train loss": [
        0.8045934192538261,
        0.8350934924185276,
        1.0222696191072465,
        0.6448375435769558,
        1.0395126301050186,
        1.0294937407970428,
        1.028804181933403,
        1.0285304454565047,
        1.0283814113140106,
        1.0282787936925888
    ],
    "valid loss": [
        0.32458260625600815,
        1.0291741460561752,
        1.002781372666359,
        1.0460495853424072,
        1.0288739717006683,
        1.028320043683052,
        1.0282126891613006,
        1.0279879385232926,
        1.0283433997631073,
        1.0281114012002945
    ],
    "train time": 17613.917301272995,
    "test args": {
        "batch_size": 2048
    },
    "test accuracy": 0.62771484375
}