{
    "device": "NVIDIA GeForce RTX 2060 with Max-Q Design",
    "model class": "MultiLayLSTM",
    "dataset class": "HexDataset",
    "dataset sizes": [
        512000,
        102400,
        51200
    ],
    "model args": {
        "d_model": 32,
        "d_lstm": 128,
        "n_lay": 3
    },
    "model size": 125280,
    "flops per input": 2852000,
    "train args": {
        "lr": 0.006,
        "batch_size": 512,
        "epochs": 10
    },
    "train loss": [
        2.3848577526807784,
        1.7958172035217286,
        1.9042629815340042,
        1.9780432790517808,
        1.7939836789369583,
        1.7279129418134689,
        1.6848743203878402,
        1.6480744590759278,
        1.6202785177230834,
        1.6051005593538283
    ],
    "valid loss": [
        1.9356969702243805,
        1.6864301133155823,
        2.2602692449092867,
        1.8318553268909454,
        1.7399310791492462,
        1.6885757023096084,
        1.6534978079795837,
        1.6117919766902924,
        1.5927856731414796,
        1.5813546234369278
    ],
    "train time": 1307.3241861309798,
    "test args": {
        "batch_size": 512
    },
    "test accuracy": 0.0005859375
}