{
    "device": "NVIDIA GeForce RTX 2060 with Max-Q Design",
    "model class": "MultiLayLSTM",
    "dataset class": "ArithDataset",
    "dataset sizes": [
        512000,
        102400,
        51200
    ],
    "model args": {
        "d_model": 32,
        "d_lstm": 128,
        "n_lay": 3
    },
    "model size": 125280,
    "flops per input": 4713216,
    "train args": {
        "lr": 0.004,
        "batch_size": 512,
        "epochs": 10
    },
    "train loss": [
        1.7698451174497605,
        0.9903910302519798,
        0.8578613584637642,
        0.7842260319590568,
        0.7250410380363465,
        0.6779662546515465,
        0.6394196702837944,
        0.606652636885643,
        0.5824141092896461,
        0.5678551624715328
    ],
    "valid loss": [
        1.132922065258026,
        0.8921803835034371,
        0.7965082877874374,
        0.7367385831475258,
        0.6782516810297966,
        0.6377560913562774,
        0.600401508808136,
        0.568894954919815,
        0.5539804591238499,
        0.5457944433391094
    ],
    "train time": 2188.4240631079883,
    "test args": {
        "batch_size": 512
    },
    "test accuracy": 0.53716796875
}