{
    "device": "NVIDIA GeForce RTX 2060 with Max-Q Design",
    "model class": "LSTMTrans",
    "dataset class": "HexDataset",
    "dataset sizes": [
        512000,
        102400,
        51200
    ],
    "model args": {
        "d_model": 128,
        "d_sa": 128,
        "d_lstm": 512,
        "n_head": 8,
        "n_lay": 5
    },
    "model size": 3624320,
    "flops per input": 83786240,
    "train args": {
        "lr": 0.0013,
        "batch_size": 512,
        "epochs": 10
    },
    "train loss": [
        2.542962301969528,
        1.8351648507118226,
        1.5687488099336624,
        1.4578485478162766,
        1.3913178383111953,
        1.3419403570890427,
        1.3007716013193131,
        1.2653453166484834,
        1.237249993443489,
        1.2202208746671677
    ],
    "valid loss": [
        2.1338501060009003,
        1.6293808215856551,
        1.486535170674324,
        1.3986247992515564,
        1.3489040112495423,
        1.3018364721536637,
        1.2613301384449005,
        1.2247176569700242,
        1.199840824007988,
        1.1845980435609818
    ],
    "train time": 3882.2706175969797,
    "test args": {
        "batch_size": 512
    },
    "test accuracy": 0.01220703125
}