{
    "device": "NVIDIA GeForce RTX 2060 with Max-Q Design",
    "model class": "MultiLayLSTM",
    "dataset class": "HexDataset",
    "dataset sizes": [
        512000,
        102400,
        51200
    ],
    "model args": {
        "d_model": 32,
        "d_lstm": 128,
        "n_lay": 3
    },
    "model size": 125280,
    "flops per input": 2852000,
    "train args": {
        "lr": 0.005,
        "batch_size": 512,
        "epochs": 10
    },
    "train loss": [
        2.4768730962276457,
        1.8933974859714509,
        1.8288958857059479,
        1.8363789145946503,
        1.715610583305359,
        1.6448780056238175,
        1.5980184160470963,
        1.5655423762798308,
        1.5436537591218948,
        1.5315390961170197
    ],
    "valid loss": [
        2.095410463809967,
        1.7504385960102082,
        1.9754967093467712,
        1.7461899131536485,
        1.6571829307079315,
        1.5963666504621505,
        1.5625028842687607,
        1.53504956305027,
        1.5170626401901246,
        1.5085709977149964
    ],
    "train time": 1298.9694514240255,
    "test args": {
        "batch_size": 512
    },
    "test accuracy": 0.0010546875
}