{
    "device": "NVIDIA GeForce RTX 2060 with Max-Q Design",
    "model class": "MultiLayLSTM",
    "dataset class": "ArithDataset",
    "dataset sizes": [
        512000,
        102400,
        51200
    ],
    "model args": {
        "d_model": 32,
        "d_lstm": 128,
        "n_lay": 3
    },
    "model size": 125280,
    "flops per input": 4713216,
    "train args": {
        "lr": 0.005,
        "batch_size": 512,
        "epochs": 10
    },
    "train loss": [
        1.7072295393943786,
        0.9510722815394401,
        0.8220004805326462,
        0.7534037968516349,
        0.7037176592946053,
        0.6595588555932045,
        0.6242388259768487,
        0.586851351261139,
        0.5629698130190373,
        0.5480595763921737
    ],
    "valid loss": [
        1.074953135251999,
        0.8604721701145173,
        0.757826292514801,
        0.7113116121292115,
        0.6557253542542457,
        0.6196237742900849,
        0.5895021671056747,
        0.55545226380229,
        0.5383018685877323,
        0.5311360932886601
    ],
    "train time": 2426.023119377991,
    "test args": {
        "batch_size": 512
    },
    "test accuracy": 0.55134765625
}