{
    "device": "NVIDIA GeForce RTX 2060 with Max-Q Design",
    "model class": "MultiLayLSTM",
    "dataset class": "ArithDataset",
    "dataset sizes": [
        512000,
        102400,
        51200
    ],
    "model args": {
        "d_model": 32,
        "d_lstm": 128,
        "n_lay": 3
    },
    "model size": 125280,
    "flops per input": 4713216,
    "train args": {
        "lr": 0.006,
        "batch_size": 512,
        "epochs": 10
    },
    "train loss": [
        1.6563066887855529,
        0.9486468130350113,
        0.8304979882240295,
        0.7687451927661896,
        0.7161933836936951,
        0.6330732851028442,
        0.5814701886773109,
        0.5483999656140804,
        0.5223833972513676,
        0.5077307865321636
    ],
    "valid loss": [
        1.0521180999279023,
        0.8473480167984963,
        0.775403790473938,
        0.725713461637497,
        0.6520631182193756,
        0.5746242177486419,
        0.548312910348177,
        0.5171409383416176,
        0.49516665667295456,
        0.4872143363952637
    ],
    "train time": 2138.3446622970223,
    "test args": {
        "batch_size": 512
    },
    "test accuracy": 0.58248046875
}