{
    "device": "NVIDIA GeForce RTX 2060 with Max-Q Design",
    "model class": "LSTMTrans",
    "dataset class": "HexDataset",
    "dataset sizes": [
        512000,
        102400,
        51200
    ],
    "model args": {
        "d_model": 128,
        "d_sa": 128,
        "d_lstm": 512,
        "n_head": 8,
        "n_lay": 5
    },
    "model size": 3624320,
    "flops per input": 83786240,
    "train args": {
        "lr": 0.0012,
        "batch_size": 512,
        "epochs": 10
    },
    "train loss": [
        2.4814586725234986,
        1.7246320247650146,
        1.4728297612667083,
        1.3338705298900604,
        1.243322038292885,
        1.155433585882187,
        1.0785780470371247,
        1.023104929983616,
        0.9877819219827652,
        0.9679737002849579
    ],
    "valid loss": [
        1.9484825181961059,
        1.5399928015470505,
        1.3656557017564774,
        1.2702714169025422,
        1.1683150929212571,
        1.0853044098615647,
        1.0153047642111779,
        0.9647094231843948,
        0.9358262911438942,
        0.9220347958803177
    ],
    "train time": 5071.9754787469865,
    "test args": {
        "batch_size": 512
    },
    "test accuracy": 0.02248046875
}