{
    "device": "NVIDIA GeForce RTX 2060 with Max-Q Design",
    "model class": "DecTrans",
    "dataset class": "SingleSatDataset",
    "dataset sizes": [
        512000,
        102400,
        51200
    ],
    "model args": {
        "d_model": 64,
        "d_sa": 64,
        "d_ffwd": 256,
        "n_head": 8,
        "n_lay": 3
    },
    "model size": 149952,
    "flops per input": 20496064,
    "train args": {
        "lr": 0.0025,
        "batch_size": 512,
        "epochs": 10
    },
    "train loss": [
        1.1305136997401715,
        0.45925757133960726,
        0.43666365727782247,
        0.3474944214820862,
        0.18172118849307298,
        0.055556661527603864,
        0.026255650754086673,
        0.010059413919807412,
        0.005437349779880606,
        0.0037239838180248624
    ],
    "valid loss": [
        0.48213068082928656,
        0.44411558762192727,
        0.3986816491186619,
        0.24362084411084653,
        0.04437011571601033,
        0.018800144898705184,
        0.004706796309328638,
        0.0007140495678322622,
        0.00021478712504176655,
        0.00013811515778797912
    ],
    "train time": 2081.8784945979996,
    "test args": {
        "batch_size": 512
    },
    "test accuracy": 0.99982421875
}