{
    "device": "NVIDIA GeForce RTX 2060 with Max-Q Design",
    "model class": "DecTrans",
    "dataset class": "SingleSatDataset",
    "dataset sizes": [
        512000,
        102400,
        51200
    ],
    "model args": {
        "d_model": 64,
        "d_sa": 64,
        "d_ffwd": 256,
        "n_head": 8,
        "n_lay": 3
    },
    "model size": 149952,
    "flops per input": 20496064,
    "train args": {
        "lr": 0.002,
        "batch_size": 512,
        "epochs": 10
    },
    "train loss": [
        1.2074825577437878,
        0.45441348731517794,
        0.4470698154866695,
        0.43849444887042044,
        0.3937730680704117,
        0.3189673321843147,
        0.2852386995255947,
        0.26578732720017434,
        0.23870616026222705,
        0.21904073068499566
    ],
    "valid loss": [
        0.46510134801268577,
        0.4465626572072506,
        0.44385679364204406,
        0.41224900096654893,
        0.316597626209259,
        0.2671699149906635,
        0.24327638432383536,
        0.2197903114557266,
        0.19014946140348912,
        0.17877188548445702
    ],
    "train time": 2024.201253846,
    "test args": {
        "batch_size": 512
    },
    "test accuracy": 0.57990234375
}