{
    "device": "NVIDIA GeForce RTX 2060 with Max-Q Design",
    "model class": "RSATrans",
    "dataset class": "ArithDataset",
    "dataset sizes": [
        512000,
        102400,
        51200
    ],
    "model args": {
        "d_model": 128,
        "d_sa": 128,
        "d_ffwd": 512,
        "n_head": 8,
        "n_lay": 4
    },
    "model size": 793600,
    "flops per input": 31070976,
    "train args": {
        "lr": 0.0021,
        "batch_size": 512,
        "epochs": 10
    },
    "train loss": [
        1.8512962222099305,
        1.1026999760866165,
        0.9348967823982238,
        0.8536892557740211,
        0.7810845565199852,
        0.7285271894335746,
        0.681174495279789,
        0.6415348074436188,
        0.6139731106758117,
        0.5983556459546089
    ],
    "valid loss": [
        1.2458487182855607,
        0.9155827221274376,
        0.8224179038405418,
        0.7371793231368065,
        0.6564777320623398,
        0.6089029070734978,
        0.5606100301444531,
        0.5263238987326622,
        0.5060751524567604,
        0.49255995720624923
    ],
    "train time": 6471.164692423001,
    "test args": {
        "batch_size": 512
    },
    "test accuracy": 0.57619140625
}