{
    "model class": "MultiLayLSTM",
    "dataset class": "ArithDataset",
    "dataset sizes": [
        512000,
        102400,
        51200
    ],
    "model args": {
        "d_model": 128,
        "d_lstm": 512,
        "n_lay": 5
    },
    "model size": 3292800,
    "flops per input": 124742144,
    "train args": {
        "lr": 0.001,
        "batch_size": 512,
        "epochs": 10
    },
    "train loss": [
        1.9475774747133254,
        0.8076508857607841,
        0.588370338588953,
        0.46646394655108453,
        0.4094385303556919,
        0.3651551897525787,
        0.3255952430963516,
        0.29388146494328976,
        0.2680354446321726,
        0.2524081355780363
    ],
    "valid loss": [
        1.0276467922329902,
        0.6541174206137658,
        0.4981680862605572,
        0.43715800642967223,
        0.39022187650203705,
        0.3564436975121498,
        0.3378867293894291,
        0.3187612486630678,
        0.31028430178761485,
        0.311019558981061
    ],
    "train time": 7729.650243883996,
    "test args": {
        "batch_size": 512
    },
    "test accuracy": 0.72552734375
}