{
    "device": "NVIDIA GeForce RTX 2060 with Max-Q Design",
    "model class": "LSTMTrans",
    "dataset class": "ArithDataset",
    "dataset sizes": [
        512000,
        102400,
        51200
    ],
    "model args": {
        "d_model": 128,
        "d_sa": 128,
        "d_lstm": 512,
        "n_head": 8,
        "n_lay": 5
    },
    "model size": 3624320,
    "flops per input": 139163904,
    "train args": {
        "lr": 0.0013,
        "batch_size": 512,
        "epochs": 10
    },
    "train loss": [
        1.8335950375795365,
        0.7437678250074387,
        0.544652439981699,
        0.4423154697716236,
        0.3809152120947838,
        0.3339691247045994,
        0.2972370427846909,
        0.26438123965263366,
        0.23786882714927196,
        0.22107696756720543
    ],
    "valid loss": [
        0.9389524033665657,
        0.6015864205360413,
        0.46464827910065654,
        0.4153547263145447,
        0.35684909507632256,
        0.3223885917663574,
        0.3043404147028923,
        0.2849107805639505,
        0.27741199016571044,
        0.27879348769783974
    ],
    "train time": 8080.828215483998,
    "test args": {
        "batch_size": 512
    },
    "test accuracy": 0.75125
}