{
    "device": "NVIDIA GeForce RTX 2060 with Max-Q Design",
    "model class": "LSTMTrans",
    "dataset class": "ArithDataset",
    "dataset sizes": [
        512000,
        102400,
        51200
    ],
    "model args": {
        "d_model": 32,
        "d_sa": 32,
        "d_lstm": 128,
        "n_head": 8,
        "n_lay": 3
    },
    "model size": 138144,
    "flops per input": 5475648,
    "train args": {
        "lr": 0.006,
        "batch_size": 512,
        "epochs": 10
    },
    "train loss": [
        1.6389548220038415,
        0.8921627923846245,
        0.7759070203304291,
        0.6859497721791268,
        0.6080531873106957,
        0.5614456313550472,
        0.5242643670141697,
        0.48880704075098036,
        0.46258006900548937,
        0.44654644909501073
    ],
    "valid loss": [
        0.9917753356695175,
        0.7979093641042709,
        0.703562641441822,
        0.610910487473011,
        0.5618183583021163,
        0.5116601847112179,
        0.4875747311115265,
        0.45239439338445664,
        0.4354750441014767,
        0.42684835284948347
    ],
    "train time": 2640.683973516003,
    "test args": {
        "batch_size": 512
    },
    "test accuracy": 0.6296875
}