{
    "device": "NVIDIA GeForce RTX 2060 with Max-Q Design",
    "model class": "MultiLayLSTM",
    "dataset class": "ArithDataset",
    "dataset sizes": [
        512000,
        102400,
        51200
    ],
    "model args": {
        "d_model": 128,
        "d_lstm": 512,
        "n_lay": 5
    },
    "model size": 3292800,
    "flops per input": 124742144,
    "train args": {
        "lr": 0.0012,
        "batch_size": 512,
        "epochs": 10
    },
    "train loss": [
        1.8725915294289588,
        0.7626164210438728,
        0.5306356908380985,
        0.4501052043139935,
        0.3917608413398266,
        0.347236608684063,
        0.3107668848782778,
        0.27865598237514494,
        0.2534256872832775,
        0.23728465349972247
    ],
    "valid loss": [
        0.9713673996925354,
        0.5831167986989021,
        0.48001047134399416,
        0.4139272280037403,
        0.3694736348092556,
        0.3492022792994976,
        0.31818260230123996,
        0.30402108177542686,
        0.2984994426369667,
        0.298011756837368
    ],
    "train time": 14148.603463206,
    "test args": {
        "batch_size": 512
    },
    "test accuracy": 0.74365234375
}