{
    "device": "NVIDIA GeForce RTX 2060 with Max-Q Design",
    "model class": "RSATrans",
    "dataset class": "ArithDataset",
    "dataset sizes": [
        512000,
        102400,
        51200
    ],
    "model args": {
        "d_model": 64,
        "d_sa": 64,
        "d_ffwd": 256,
        "n_head": 8,
        "n_lay": 3
    },
    "model size": 150144,
    "flops per input": 6036480,
    "train args": {
        "lr": 0.0045,
        "batch_size": 512,
        "epochs": 10
    },
    "train loss": [
        1.7954751601219177,
        1.1767888144254683,
        1.0411349390149116,
        0.9736343970298768,
        0.9269150177836418,
        0.8812980254292488,
        0.8458507380485535,
        0.8158873510956764,
        0.7947302889823914,
        0.7831170770525933
    ],
    "valid loss": [
        1.247328634262085,
        1.011949148774147,
        0.909428416788578,
        0.8450684270262718,
        0.7992611983418465,
        0.7514555338025093,
        0.7139110019803048,
        0.6826621848344803,
        0.6630872875452042,
        0.6515279045701027
    ],
    "train time": 4943.47944770199,
    "test args": {
        "batch_size": 512
    },
    "test accuracy": 0.45123046875
}