{
    "device": "NVIDIA GeForce RTX 2060 with Max-Q Design",
    "model class": "LSTMTrans",
    "dataset class": "ArithDataset",
    "dataset sizes": [
        512000,
        102400,
        51200
    ],
    "model args": {
        "d_model": 64,
        "d_sa": 64,
        "d_lstm": 256,
        "n_head": 8,
        "n_lay": 4
    },
    "model size": 728832,
    "flops per input": 28281728,
    "train args": {
        "lr": 0.003,
        "batch_size": 512,
        "epochs": 10
    },
    "train loss": [
        1.7010379699468612,
        0.7948286272883415,
        0.6259025365114212,
        0.5293247065246105,
        0.4704091500341892,
        0.4305519380569458,
        0.38584742414951323,
        0.34883813256025314,
        0.3215376417934895,
        0.30499890039861205
    ],
    "valid loss": [
        0.9251858794689178,
        0.7057950726151466,
        0.5498121283948422,
        0.478008229881525,
        0.4347044308483601,
        0.39282413959503176,
        0.36642069414258005,
        0.33949793606996537,
        0.3201787558197975,
        0.31261604487895966
    ],
    "train time": 3328.243929349992,
    "test args": {
        "batch_size": 512
    },
    "test accuracy": 0.7226171875
}