{
    "model class": "ReTrans",
    "dataset class": "ArithDataset",
    "dataset sizes": [
        512000,
        102400,
        51200
    ],
    "model args": {
        "d_model": 128,
        "d_sa": 128,
        "d_lstm": 512,
        "n_head": 8,
        "n_lay": 5
    },
    "model size": 3624960,
    "flops per input": 138427904,
    "train args": {
        "lr": 0.0012,
        "batch_size": 512,
        "epochs": 10
    },
    "train loss": [
        1.9051358917951584,
        0.772993928015232,
        0.5327748369574546,
        0.4341516872644424,
        0.3809758635759354,
        0.33573005864024164,
        0.30023214226961137,
        0.27054723016917703,
        0.2457404037564993,
        0.23002730762958526
    ],
    "valid loss": [
        0.9930895912647247,
        0.6251624876260757,
        0.4685129138827324,
        0.40462485402822496,
        0.36293858766555787,
        0.3353347238898277,
        0.3095379365980625,
        0.2928504400700331,
        0.28811739198863506,
        0.28693787306547164
    ],
    "train time": 11419.013442933006,
    "test args": {
        "batch_size": 512
    },
    "test accuracy": 0.749453125
}