{
    "device": "NVIDIA GeForce RTX 2060 with Max-Q Design",
    "model class": "LSTMTrans",
    "dataset class": "ArithDataset",
    "dataset sizes": [
        512000,
        102400,
        51200
    ],
    "model args": {
        "d_model": 32,
        "d_sa": 32,
        "d_lstm": 128,
        "n_head": 8,
        "n_lay": 3
    },
    "model size": 138144,
    "flops per input": 5475648,
    "train args": {
        "lr": 0.007,
        "batch_size": 512,
        "epochs": 10
    },
    "train loss": [
        1.5827538703083992,
        0.8723721011281014,
        0.7608634404540062,
        0.6876259981393814,
        0.6259060462117195,
        0.5702801408171654,
        0.5252357868254185,
        0.4875490390956402,
        0.45945741757750513,
        0.4419348859190941
    ],
    "valid loss": [
        0.956379057765007,
        0.7953235745429993,
        0.714453164935112,
        0.6265941759943963,
        0.5724136307835579,
        0.5237302848696709,
        0.4804909448325634,
        0.44998776584863664,
        0.426959490776062,
        0.42141159757971763
    ],
    "train time": 2789.0306888429986,
    "test args": {
        "batch_size": 512
    },
    "test accuracy": 0.63482421875
}