{
    "device": "NVIDIA GeForce RTX 2060 with Max-Q Design",
    "model class": "ReTrans",
    "dataset class": "ArithDataset",
    "dataset sizes": [
        512000,
        102400,
        51200
    ],
    "model args": {
        "d_model": 64,
        "d_sa": 64,
        "d_lstm": 256,
        "n_head": 8,
        "n_lay": 4
    },
    "model size": 729088,
    "flops per input": 27954560,
    "train args": {
        "lr": 0.003,
        "batch_size": 512,
        "epochs": 10
    },
    "train loss": [
        1.7162065160274507,
        0.8025395053625107,
        0.6167759650945663,
        0.5311480776071549,
        0.4708712833225727,
        0.42551880738139153,
        0.38846165645122527,
        0.3517845411002636,
        0.32676662078499796,
        0.31128363019227984
    ],
    "valid loss": [
        0.949542740881443,
        0.6668105074763298,
        0.5410297358036041,
        0.484632733464241,
        0.4404362453520298,
        0.4018432502448559,
        0.367625647932291,
        0.3433664847910404,
        0.3300132678449154,
        0.3250736986845732
    ],
    "train time": 8664.736939481998,
    "test args": {
        "batch_size": 512
    },
    "test accuracy": 0.71091796875
}