{
    "device": "NVIDIA GeForce RTX 2060 with Max-Q Design",
    "model class": "RSATrans",
    "dataset class": "ArithDataset",
    "dataset sizes": [
        512000,
        102400,
        51200
    ],
    "model args": {
        "d_model": 64,
        "d_sa": 64,
        "d_ffwd": 256,
        "n_head": 8,
        "n_lay": 3
    },
    "model size": 150144,
    "flops per input": 6036480,
    "train args": {
        "lr": 0.006,
        "batch_size": 512,
        "epochs": 10
    },
    "train loss": [
        1.7360247107744218,
        1.1995550994873048,
        1.0656713938713074,
        1.0074483550786972,
        0.9601204338669777,
        0.9224088926315308,
        0.8856212361454964,
        0.8539576552510262,
        0.8306890342235566,
        0.816144316136837
    ],
    "valid loss": [
        1.2741804945468902,
        1.024324531853199,
        0.9573631337285042,
        0.8893213295936584,
        0.8415019291639328,
        0.7938890025019646,
        0.7565288972854615,
        0.7265490093827247,
        0.7058522936701774,
        0.6969878417253494
    ],
    "train time": 4399.139361676993,
    "test args": {
        "batch_size": 512
    },
    "test accuracy": 0.413046875
}