{
    "model class": "MultiLayLSTM",
    "dataset class": "ArithDataset",
    "dataset sizes": [
        512000,
        102400,
        51200
    ],
    "model args": {
        "d_model": 128,
        "d_lstm": 512,
        "n_lay": 5
    },
    "model size": 3292800,
    "flops per input": 124742144,
    "train args": {
        "lr": 0.0015,
        "batch_size": 512,
        "epochs": 10
    },
    "train loss": [
        1.7975069566965103,
        0.7671926110982895,
        0.5603732538819313,
        0.47527192091941833,
        0.41588259118795395,
        0.3692270556986332,
        0.3313166435658932,
        0.2977503178119659,
        0.271582123875618,
        0.2543194753229618
    ],
    "valid loss": [
        0.9522699269652367,
        0.6278995180130005,
        0.5164811038970947,
        0.4406756617128849,
        0.3941820487380028,
        0.35681424364447595,
        0.3340065243840218,
        0.3166394153237343,
        0.30714079074561595,
        0.30652588218450544
    ],
    "train time": 7851.589777397006,
    "test args": {
        "batch_size": 512
    },
    "test accuracy": 0.7326171875
}