{
    "device": "NVIDIA GeForce RTX 2060 with Max-Q Design",
    "model class": "ReTrans",
    "dataset class": "ArithDataset",
    "dataset sizes": [
        512000,
        102400,
        51200
    ],
    "model args": {
        "d_model": 32,
        "d_sa": 32,
        "d_lstm": 128,
        "n_head": 8,
        "n_lay": 3
    },
    "model size": 138240,
    "flops per input": 5346816,
    "train args": {
        "lr": 0.007,
        "batch_size": 512,
        "epochs": 10
    },
    "train loss": [
        1.6026734735369683,
        0.9135202715396881,
        0.8093546469807624,
        0.7521225445866585,
        0.6854997977018357,
        0.6330098157525063,
        0.5866537816524505,
        0.5456406002938747,
        0.5171040965616703,
        0.5005611235499382
    ],
    "valid loss": [
        0.9996196684241295,
        0.8220308527350426,
        0.7540927994251251,
        0.6834510084986687,
        0.6422222661972046,
        0.5852690288424491,
        0.5352747508883476,
        0.507649734467268,
        0.4815632985532284,
        0.4738746270537376
    ],
    "train time": 6494.882803544002,
    "test args": {
        "batch_size": 512
    },
    "test accuracy": 0.59064453125
}