{
    "model class": "MultiLayLSTM",
    "dataset class": "ArithDataset",
    "dataset sizes": [
        512000,
        102400,
        51200
    ],
    "model args": {
        "d_model": 128,
        "d_lstm": 512,
        "n_lay": 5
    },
    "model size": 3292800,
    "flops per input": 124742144,
    "train args": {
        "lr": 0.0012,
        "batch_size": 512,
        "epochs": 10
    },
    "train loss": [
        1.868000888943672,
        0.7860862409472466,
        0.5713275528252125,
        0.4576201938986778,
        0.39846233794093133,
        0.35222368547320365,
        0.31572686007618905,
        0.28299701888859274,
        0.25784314280748366,
        0.24241191078722477
    ],
    "valid loss": [
        0.9733535534143448,
        0.6519121026992798,
        0.48847379624843595,
        0.41708282977342603,
        0.3835963936150074,
        0.3436496131122112,
        0.32277356922626493,
        0.30748875573277473,
        0.2995294167846441,
        0.2990663042664528
    ],
    "train time": 7937.792801912001,
    "test args": {
        "batch_size": 512
    },
    "test accuracy": 0.7368359375
}