{
    "device": "NVIDIA GeForce RTX 2060 with Max-Q Design",
    "model class": "DecTrans",
    "dataset class": "HexDataset",
    "dataset sizes": [
        512000,
        102400,
        51200
    ],
    "model args": {
        "d_model": 128,
        "d_sa": 128,
        "d_ffwd": 512,
        "n_head": 8,
        "n_lay": 4
    },
    "model size": 793088,
    "flops per input": 18806272,
    "train args": {
        "lr": 0.0028,
        "batch_size": 512,
        "epochs": 10
    },
    "train loss": [
        2.3093106429576875,
        1.7815766563415527,
        1.6730361833572387,
        1.5942426921129227,
        1.5516560992002488,
        1.519412146449089,
        1.4914441546201707,
        1.4684455918073653,
        1.453671124458313,
        1.4459259921312333
    ],
    "valid loss": [
        1.833945809006691,
        1.7042170387506486,
        1.5871719813346863,
        1.5300933295488357,
        1.4980494374036788,
        1.4600158739089966,
        1.436289007663727,
        1.415785987973213,
        1.4029488289356231,
        1.3978251737356187
    ],
    "train time": 980.574411087,
    "test args": {
        "batch_size": 512
    },
    "test accuracy": 0.00306640625
}