{
    "device": "NVIDIA GeForce RTX 2060 with Max-Q Design",
    "model class": "DecTrans",
    "dataset class": "SatSolveDataset",
    "dataset sizes": [
        512000,
        102400,
        51200
    ],
    "model args": {
        "d_model": 64,
        "d_sa": 64,
        "d_ffwd": 256,
        "n_head": 8,
        "n_lay": 3
    },
    "model size": 149952,
    "flops per input": 19571648,
    "train args": {
        "lr": 0.0045,
        "batch_size": 512,
        "epochs": 10
    },
    "train loss": [
        0.9183360436558723,
        0.6879210550487042,
        0.3277769396007061,
        0.35389441230893137,
        0.324945708245039,
        0.3213925421833992,
        0.321201720148325,
        0.3210242640674114,
        0.32086966001987455,
        0.3207689827084541
    ],
    "valid loss": [
        1.0316169202327727,
        0.32563761904835703,
        0.3234905233979225,
        0.32336270228028297,
        0.32155075773596764,
        0.32114059597253797,
        0.3215639469027519,
        0.32116842314600946,
        0.3214443342387676,
        0.32109668299555777
    ],
    "train time": 2290.0081284900007,
    "test args": {
        "batch_size": 512
    },
    "test accuracy": 0.62857421875
}