{
    "device": "NVIDIA GeForce RTX 2060 with Max-Q Design",
    "model class": "DecTrans",
    "dataset class": "HexDataset",
    "dataset sizes": [
        512000,
        102400,
        51200
    ],
    "model args": {
        "d_model": 256,
        "d_sa": 256,
        "d_ffwd": 1024,
        "n_head": 8,
        "n_lay": 5
    },
    "model size": 3948800,
    "flops per input": 92206080,
    "train args": {
        "lr": 0.0013,
        "batch_size": 512,
        "epochs": 10
    },
    "train loss": [
        2.398291108250618,
        1.7254585328102112,
        1.5490019779205322,
        1.478537341594696,
        1.4320875358581544,
        1.405148124217987,
        1.3843186695575713,
        1.3648649780750275,
        1.3479622712135315,
        1.339792132139206
    ],
    "valid loss": [
        1.9086220842599868,
        1.5678572744131087,
        1.4706905311346055,
        1.4154368823766708,
        1.385168434381485,
        1.3631504756212234,
        1.346779039502144,
        1.3230531793832778,
        1.3118732219934464,
        1.3042798054218292
    ],
    "train time": 3291.8075785679976,
    "test args": {
        "batch_size": 512
    },
    "test accuracy": 0.00634765625
}