{
    "device": "NVIDIA GeForce RTX 2060 with Max-Q Design",
    "model class": "DecTrans",
    "dataset class": "HexDataset",
    "dataset sizes": [
        512000,
        102400,
        51200
    ],
    "model args": {
        "d_model": 64,
        "d_sa": 64,
        "d_ffwd": 256,
        "n_head": 8,
        "n_lay": 3
    },
    "model size": 149952,
    "flops per input": 3668224,
    "train args": {
        "lr": 0.005,
        "batch_size": 512,
        "epochs": 10
    },
    "train loss": [
        2.3537560698986053,
        1.8651897426843642,
        1.752547455072403,
        1.691657293319702,
        1.653442996263504,
        1.6294316058158875,
        1.613193456172943,
        1.6011962959766388,
        1.5924752274751663,
        1.5869150953292848
    ],
    "valid loss": [
        1.9202841728925706,
        1.751026644706726,
        1.658704744577408,
        1.616633861064911,
        1.5884087270498275,
        1.57051622569561,
        1.5553565955162048,
        1.5474974131584167,
        1.5399343425035477,
        1.5354615902900697
    ],
    "train time": 314.01772672802326,
    "test args": {
        "batch_size": 512
    },
    "test accuracy": 0.00052734375
}