{
    "device": "NVIDIA GeForce RTX 2060 with Max-Q Design",
    "model class": "DecTrans",
    "dataset class": "HexDataset",
    "dataset sizes": [
        512000,
        102400,
        51200
    ],
    "model args": {
        "d_model": 64,
        "d_sa": 64,
        "d_ffwd": 256,
        "n_head": 8,
        "n_lay": 3
    },
    "model size": 149952,
    "flops per input": 3668224,
    "train args": {
        "lr": 0.01,
        "batch_size": 512,
        "epochs": 10
    },
    "train loss": [
        2.281491825938225,
        1.943825049996376,
        1.8243281707763672,
        1.8022431801557541,
        1.763639721751213,
        1.7244881893396378,
        1.6866734734773636,
        1.661287922024727,
        1.6458584812879562,
        1.6375083677768707
    ],
    "valid loss": [
        1.9206519389152528,
        1.8124836921691894,
        1.7607994627952577,
        1.7411778795719146,
        1.7003143495321273,
        1.6426354658603668,
        1.6126611042022705,
        1.5920097333192826,
        1.5791439431905747,
        1.57555650472641
    ],
    "train time": 392.7022595239978,
    "test args": {
        "batch_size": 512
    },
    "test accuracy": 0.00064453125
}