{
    "device": "NVIDIA GeForce RTX 2060 with Max-Q Design",
    "model class": "DecTrans",
    "dataset class": "HexDataset",
    "dataset sizes": [
        512000,
        102400,
        51200
    ],
    "model args": {
        "d_model": 64,
        "d_sa": 64,
        "d_ffwd": 256,
        "n_head": 8,
        "n_lay": 3
    },
    "model size": 149952,
    "flops per input": 3668224,
    "train args": {
        "lr": 0.006,
        "batch_size": 512,
        "epochs": 10
    },
    "train loss": [
        2.321610811114311,
        1.8430673121213912,
        1.7597692670822143,
        1.704111733198166,
        1.668927193403244,
        1.639799548625946,
        1.61631489610672,
        1.5969858510494233,
        1.5841622319221496,
        1.5774384113550186
    ],
    "valid loss": [
        1.9033538621664048,
        1.7449946081638337,
        1.6717937445640565,
        1.6281234854459763,
        1.5984607315063477,
        1.5687623435258866,
        1.546128318309784,
        1.5301016455888747,
        1.5208637428283691,
        1.5175725573301315
    ],
    "train time": 309.55885276099434,
    "test args": {
        "batch_size": 512
    },
    "test accuracy": 0.000859375
}