{
    "device": "NVIDIA GeForce RTX 2060 with Max-Q Design",
    "model class": "DecTrans",
    "dataset class": "ArithDataset",
    "dataset sizes": [
        512000,
        102400,
        51200
    ],
    "model args": {
        "d_model": 64,
        "d_sa": 64,
        "d_ffwd": 256,
        "n_head": 8,
        "n_lay": 3
    },
    "model size": 149952,
    "flops per input": 6281856,
    "train args": {
        "lr": 0.0045,
        "batch_size": 512,
        "epochs": 10
    },
    "train loss": [
        1.8581345447301865,
        1.2606005189418792,
        1.1146930878162384,
        1.0480887725949288,
        1.003581058859825,
        0.9655776810050011,
        0.9349971256256103,
        0.9102856946587563,
        0.8927145438790322,
        0.8830157895088195
    ],
    "valid loss": [
        1.3653025758266448,
        1.0775814965367316,
        0.9769121414422989,
        0.919065786600113,
        0.8663909301161766,
        0.8285351032018662,
        0.8018984842300415,
        0.7796628996729851,
        0.7631166151165962,
        0.7560699591040612
    ],
    "train time": 679.037899774994,
    "test args": {
        "batch_size": 512
    },
    "test accuracy": 0.40615234375
}