{
    "device": "NVIDIA GeForce RTX 2060 with Max-Q Design",
    "model class": "DecTrans",
    "dataset class": "HexDataset",
    "dataset sizes": [
        512000,
        102400,
        51200
    ],
    "model args": {
        "d_model": 64,
        "d_sa": 64,
        "d_ffwd": 256,
        "n_head": 8,
        "n_lay": 3
    },
    "model size": 149952,
    "flops per input": 3668224,
    "train args": {
        "lr": 0.007,
        "batch_size": 512,
        "epochs": 10
    },
    "train loss": [
        2.3184089833498,
        1.8626916801929474,
        1.7752017295360565,
        1.715048604130745,
        1.6771178411245347,
        1.6471485545635223,
        1.62314173579216,
        1.6057524849176408,
        1.5937463936805725,
        1.5868409867286681
    ],
    "valid loss": [
        1.93004842877388,
        1.7623933708667756,
        1.6897008830308915,
        1.6378016203641892,
        1.6066740506887436,
        1.5744980531930923,
        1.5549619501829148,
        1.540584671497345,
        1.5307140856981278,
        1.5271319633722304
    ],
    "train time": 349.0724252780201,
    "test args": {
        "batch_size": 512
    },
    "test accuracy": 0.0006640625
}