{
    "device": "NVIDIA GeForce RTX 2060 with Max-Q Design",
    "model class": "DecTrans",
    "dataset class": "ArithDataset",
    "dataset sizes": [
        512000,
        102400,
        51200
    ],
    "model args": {
        "d_model": 256,
        "d_sa": 256,
        "d_ffwd": 1024,
        "n_head": 8,
        "n_lay": 5
    },
    "model size": 3948800,
    "flops per input": 153809408,
    "train args": {
        "lr": 0.0013,
        "batch_size": 512,
        "epochs": 10
    },
    "train loss": [
        1.8675913687944412,
        1.0884106619954108,
        0.917236693918705,
        0.8117852694392205,
        0.7333793090581894,
        0.6658540814518928,
        0.6063339958190918,
        0.5576435048878193,
        0.5239860919415951,
        0.5052355349957943
    ],
    "valid loss": [
        1.204698265194893,
        0.9378790789842606,
        0.7896389105916023,
        0.6935949802398682,
        0.6192254456877708,
        0.5597584269940853,
        0.5039341896772385,
        0.4687964402139187,
        0.44353000715374946,
        0.4325379627943039
    ],
    "train time": 5640.571832168003,
    "test args": {
        "batch_size": 512
    },
    "test accuracy": 0.63828125
}