{
    "device": "NVIDIA GeForce RTX 2060 with Max-Q Design",
    "model class": "DecTrans",
    "dataset class": "HexDataset",
    "dataset sizes": [
        512000,
        102400,
        51200
    ],
    "model args": {
        "d_model": 64,
        "d_sa": 64,
        "d_ffwd": 256,
        "n_head": 8,
        "n_lay": 3
    },
    "model size": 149952,
    "flops per input": 3668224,
    "train args": {
        "lr": 0.0045,
        "batch_size": 512,
        "epochs": 10
    },
    "train loss": [
        2.358821514606476,
        1.8577348034381866,
        1.7655809473991395,
        1.7065131604671477,
        1.6751392192840575,
        1.6530049600601195,
        1.63318981218338,
        1.6154002802371978,
        1.6024595221281053,
        1.596064652442932
    ],
    "valid loss": [
        1.9201869457960128,
        1.7542190581560135,
        1.6761729037761688,
        1.6400436145067214,
        1.6130421739816665,
        1.5911340367794038,
        1.5686746883392333,
        1.5512202680110931,
        1.540803137421608,
        1.5361541205644607
    ],
    "train time": 323.6001527699991,
    "test args": {
        "batch_size": 512
    },
    "test accuracy": 0.00087890625
}