{
    "model class": "MultiLayLSTM",
    "dataset class": "ArithDataset",
    "dataset sizes": [
        512000,
        102400,
        51200
    ],
    "model args": {
        "d_model": 32,
        "d_lstm": 128,
        "n_lay": 3
    },
    "model size": 125280,
    "flops per input": 4713216,
    "train args": {
        "lr": 0.006,
        "batch_size": 512,
        "epochs": 10
    },
    "train loss": [
        1.6565851677656174,
        0.9594997780323029,
        0.8399642725586891,
        0.7776004837155343,
        0.7216963840723037,
        0.6591095756292343,
        0.6176230103969574,
        0.5798930440545083,
        0.5542620197534561,
        0.5392460995018482
    ],
    "valid loss": [
        1.0668887835741043,
        0.8809720382094384,
        0.7926244756579399,
        0.7195260974764824,
        0.6598250997066498,
        0.6112105709314346,
        0.570403260588646,
        0.541721871048212,
        0.5239962315559388,
        0.5175255498290062
    ],
    "train time": 2523.7346406290017,
    "test args": {
        "batch_size": 2048
    },
    "test accuracy": 0.56494140625
}