{
    "model class": "ReTrans",
    "dataset class": "ArithDataset",
    "dataset sizes": [
        512000,
        102400,
        51200
    ],
    "model args": {
        "d_model": 32,
        "d_sa": 32,
        "d_lstm": 128,
        "n_head": 8,
        "n_lay": 3
    },
    "model size": 138240,
    "flops per input": 5346816,
    "train args": {
        "lr": 0.003,
        "batch_size": 512,
        "epochs": 10
    },
    "train loss": [
        1.8542150739431382,
        0.926499365568161,
        0.7873017784357071,
        0.7196737477183341,
        0.6694470456838608,
        0.6249656769037246,
        0.5829720773100853,
        0.5502439810931683,
        0.5248587712347508,
        0.5113773933947087
    ],
    "valid loss": [
        1.070615318417549,
        0.814733368754387,
        0.7301538270711899,
        0.677135047018528,
        0.6340904515981675,
        0.5736757645010948,
        0.5458407638967038,
        0.5149253499507904,
        0.4961991535127163,
        0.4904563608765602
    ],
    "train time": 6911.844826467,
    "test args": {
        "batch_size": 2048
    },
    "test accuracy": 0.5870703125
}