{
    "device": "NVIDIA GeForce RTX 2060 with Max-Q Design",
    "model class": "DecTrans",
    "dataset class": "ArithDataset",
    "dataset sizes": [
        512000,
        102400,
        51200
    ],
    "model args": {
        "d_model": 64,
        "d_sa": 64,
        "d_ffwd": 256,
        "n_head": 8,
        "n_lay": 6
    },
    "model size": 299904,
    "flops per input": 12512640,
    "train args": {
        "lr": 0.0045,
        "batch_size": 512,
        "epochs": 10
    },
    "train loss": [
        1.7923481998443604,
        1.1425685061216355,
        1.0120259117484092,
        0.9463990134596825,
        0.8963295229673386,
        0.851698782145977,
        0.811146356344223,
        0.7770112841129303,
        0.7529414779543877,
        0.7388262510299682
    ],
    "valid loss": [
        1.228925609588623,
        0.9937655019760132,
        0.903432828783989,
        0.8413935562968254,
        0.7789398270845413,
        0.7361131235957146,
        0.694219756424427,
        0.6583616265654564,
        0.6384531864523888,
        0.63014323502779
    ],
    "train time": 894.9641696699999,
    "test args": {
        "batch_size": 512
    },
    "test accuracy": 0.4623828125
}