{
    "model class": "ReTrans",
    "dataset class": "ArithDataset",
    "dataset sizes": [
        512000,
        102400,
        51200
    ],
    "model args": {
        "d_model": 32,
        "d_sa": 32,
        "d_lstm": 128,
        "n_head": 8,
        "n_lay": 3
    },
    "model size": 138240,
    "flops per input": 5346816,
    "train args": {
        "lr": 0.005,
        "batch_size": 512,
        "epochs": 10
    },
    "train loss": [
        1.7054806648492813,
        0.9378831807374954,
        0.815593413412571,
        0.7422256722450257,
        0.6725901383161544,
        0.603343646645546,
        0.560723399579525,
        0.5288509333133697,
        0.5032220279574394,
        0.48903643479943276
    ],
    "valid loss": [
        1.048573037981987,
        0.8297453835606575,
        0.7440090921521186,
        0.6928349435329437,
        0.5966495561599732,
        0.552886932939291,
        0.5226801942288876,
        0.48754806965589526,
        0.47337684854865075,
        0.465711492151022
    ],
    "train time": 6738.808010754001,
    "test args": {
        "batch_size": 2048
    },
    "test accuracy": 0.60146484375
}