{
    "model class": "DecTrans",
    "dataset class": "ArithDataset",
    "dataset sizes": [
        512000,
        102400,
        51200
    ],
    "model args": {
        "d_model": 32,
        "d_sa": 32,
        "d_ffwd": 128,
        "n_head": 8,
        "n_lay": 3
    },
    "model size": 38112,
    "flops per input": 1740096,
    "train args": {
        "lr": 0.005,
        "batch_size": 512,
        "epochs": 10
    },
    "train loss": [
        1.9079998471736908,
        1.3834809927940368,
        1.290771198630333,
        1.2437786531448365,
        1.2123837467432022,
        1.1858125001192092,
        1.1650486608743669,
        1.1495593473911285,
        1.1388769702911377,
        1.1325684629678727
    ],
    "valid loss": [
        1.4206835478544235,
        1.241651793718338,
        1.1734296941757203,
        1.1319650626182556,
        1.0955305397510529,
        1.0697075197100638,
        1.049054756462574,
        1.0338974475860596,
        1.0262499275803565,
        1.0233539107441902
    ],
    "train time": 340.5751232949997,
    "test args": {
        "batch_size": 2048
    },
    "test accuracy": 0.2482421875
}