{
    "model class": "MultiLayLSTM",
    "dataset class": "ArithDataset",
    "dataset sizes": [
        512000,
        102400,
        51200
    ],
    "model args": {
        "d_model": 32,
        "d_lstm": 128,
        "n_lay": 3
    },
    "model size": 125280,
    "flops per input": 4713216,
    "train args": {
        "lr": 0.003,
        "batch_size": 512,
        "epochs": 10
    },
    "train loss": [
        1.8518429594039918,
        1.0306123517751693,
        0.8816796596050263,
        0.8136024556159973,
        0.7640704344511032,
        0.720433077096939,
        0.6698983193039895,
        0.6320906098484993,
        0.6091573555469513,
        0.5965019366145135
    ],
    "valid loss": [
        1.1720325094461441,
        0.9298443973064423,
        0.8262230598926544,
        0.762933734357357,
        0.714302299618721,
        0.6697308933734893,
        0.6226076874136924,
        0.5938452535867691,
        0.5763918825984001,
        0.5704710519313813
    ],
    "train time": 2073.5310115409993,
    "test args": {
        "batch_size": 2048
    },
    "test accuracy": 0.5267578125
}