{
    "model class": "DecTrans",
    "dataset class": "ArithDataset",
    "dataset sizes": [
        512000,
        102400,
        51200
    ],
    "model args": {
        "d_model": 32,
        "d_sa": 32,
        "d_ffwd": 128,
        "n_head": 8,
        "n_lay": 3
    },
    "model size": 38112,
    "flops per input": 1740096,
    "train args": {
        "lr": 0.007,
        "batch_size": 512,
        "epochs": 10
    },
    "train loss": [
        1.8445994564294814,
        1.369956233382225,
        1.2714014644622802,
        1.2228786977529527,
        1.1907844524383544,
        1.165766713500023,
        1.1438287147283555,
        1.1268656007051467,
        1.1139905177354812,
        1.1068010935783386
    ],
    "valid loss": [
        1.426321232318878,
        1.2173120898008347,
        1.1567293483018875,
        1.1054860746860504,
        1.0713026905059815,
        1.043687915802002,
        1.0222795805335045,
        1.0104145857691764,
        0.9975246748328209,
        0.9951077318191528
    ],
    "train time": 452.6215585509999,
    "test args": {
        "batch_size": 2048
    },
    "test accuracy": 0.26638671875
}