{
    "model class": "ReTrans",
    "dataset class": "ArithDataset",
    "dataset sizes": [
        512000,
        102400,
        51200
    ],
    "model args": {
        "d_model": 32,
        "d_sa": 32,
        "d_lstm": 128,
        "n_head": 8,
        "n_lay": 3
    },
    "model size": 138240,
    "flops per input": 5346816,
    "train args": {
        "lr": 0.002,
        "batch_size": 512,
        "epochs": 10
    },
    "train loss": [
        1.991597941994667,
        1.00050419485569,
        0.8245264076590538,
        0.7513882448077202,
        0.7020590769648551,
        0.6653865106701851,
        0.6360679151415825,
        0.6124223408699035,
        0.5953869618773461,
        0.5855524317026138
    ],
    "valid loss": [
        1.206531468629837,
        0.857163208425045,
        0.7617215862870217,
        0.7062011215090752,
        0.6584198892116546,
        0.6297447302937508,
        0.5999295938014985,
        0.5820045128464699,
        0.5694111394882202,
        0.5645133405923843
    ],
    "train time": 5398.230839577,
    "test args": {
        "batch_size": 2048
    },
    "test accuracy": 0.5230859375
}