{
    "model class": "ReTrans",
    "dataset class": "ArithDataset",
    "dataset sizes": [
        512000,
        102400,
        51200
    ],
    "model args": {
        "d_model": 32,
        "d_sa": 32,
        "d_lstm": 128,
        "n_head": 8,
        "n_lay": 3
    },
    "model size": 138240,
    "flops per input": 5346816,
    "train args": {
        "lr": 0.004,
        "batch_size": 512,
        "epochs": 10
    },
    "train loss": [
        1.748856596827507,
        0.9419579288959503,
        0.8136252201795579,
        0.745133670270443,
        0.6621748749613762,
        0.6101440278887749,
        0.569844699114561,
        0.5365857300460338,
        0.5145963104963303,
        0.5013511258661747
    ],
    "valid loss": [
        1.0626538306474687,
        0.8451371273398399,
        0.7774203339219093,
        0.6842775195837021,
        0.6289824172854424,
        0.5723275905847549,
        0.5304033821821212,
        0.4982351787388325,
        0.48440628781914713,
        0.47720702916383745
    ],
    "train time": 5605.153401510997,
    "test args": {
        "batch_size": 2048
    },
    "test accuracy": 0.5851953125
}