{
    "model class": "MultiLayLSTM",
    "dataset class": "ArithDataset",
    "dataset sizes": [
        512000,
        102400,
        51200
    ],
    "model args": {
        "d_model": 32,
        "d_lstm": 128,
        "n_lay": 3
    },
    "model size": 125280,
    "flops per input": 4713216,
    "train args": {
        "lr": 0.005,
        "batch_size": 512,
        "epochs": 10
    },
    "train loss": [
        1.701649946808815,
        0.9610943623185157,
        0.8372959240674972,
        0.7489423130750656,
        0.6771923592686653,
        0.6131974802017212,
        0.5747502877414227,
        0.5371888148486614,
        0.5154420385658741,
        0.500849281013012
    ],
    "valid loss": [
        1.0612090414762496,
        0.8561809068918228,
        0.7597445115447045,
        0.7262473955750466,
        0.6312348434329033,
        0.5716911020874977,
        0.5362723788619042,
        0.5043300920724869,
        0.49001828908920286,
        0.48158605173230173
    ],
    "train time": 2112.798825157999,
    "test args": {
        "batch_size": 2048
    },
    "test accuracy": 0.59642578125
}