{
    "model class": "DecTrans",
    "dataset class": "ArithDataset",
    "dataset sizes": [
        512000,
        102400,
        51200
    ],
    "model args": {
        "d_model": 32,
        "d_sa": 32,
        "d_ffwd": 128,
        "n_head": 8,
        "n_lay": 3
    },
    "model size": 38112,
    "flops per input": 1740096,
    "train args": {
        "lr": 0.006,
        "batch_size": 512,
        "epochs": 10
    },
    "train loss": [
        1.870907311797142,
        1.3856516770124436,
        1.2843850576877593,
        1.2321177250146866,
        1.1948002215623856,
        1.1669696390628814,
        1.1454004930257797,
        1.128432903766632,
        1.1167874511480331,
        1.1097194167375564
    ],
    "valid loss": [
        1.4324913275241853,
        1.2383478671312331,
        1.1782399410009383,
        1.1102355509996413,
        1.0752054178714752,
        1.0486919343471528,
        1.0267517483234405,
        1.00477086186409,
        0.9966992199420929,
        0.9928877532482148
    ],
    "train time": 526.1347924009997,
    "test args": {
        "batch_size": 2048
    },
    "test accuracy": 0.25796875
}