{
    "model class": "MultiLayLSTM",
    "dataset class": "ArithDataset",
    "dataset sizes": [
        512000,
        102400,
        51200
    ],
    "model args": {
        "d_model": 32,
        "d_lstm": 128,
        "n_lay": 3
    },
    "model size": 125280,
    "flops per input": 4713216,
    "train args": {
        "lr": 0.004,
        "batch_size": 512,
        "epochs": 10
    },
    "train loss": [
        1.7607762385606767,
        1.0019437426924704,
        0.8685086283087731,
        0.7994118568897247,
        0.7524268239736557,
        0.7153357183337211,
        0.6818653686642647,
        0.6521289947032929,
        0.6318839227557183,
        0.61879292345047
    ],
    "valid loss": [
        1.1255429607629777,
        0.9098134487867355,
        0.8178497812151909,
        0.7514293771982193,
        0.728658447265625,
        0.679874786734581,
        0.6440167519450187,
        0.6207107874751091,
        0.6043430465459824,
        0.5939679062366485
    ],
    "train time": 2449.74328458,
    "test args": {
        "batch_size": 2048
    },
    "test accuracy": 0.503203125
}