{
    "model class": "DecTrans",
    "dataset class": "ArithDataset",
    "dataset sizes": [
        512000,
        102400,
        51200
    ],
    "model args": {
        "d_model": 32,
        "d_sa": 32,
        "d_ffwd": 128,
        "n_head": 8,
        "n_lay": 3
    },
    "model size": 38112,
    "flops per input": 1740096,
    "train args": {
        "lr": 0.004,
        "batch_size": 512,
        "epochs": 10
    },
    "train loss": [
        1.9595413345098496,
        1.4330029138326645,
        1.3116195207834245,
        1.2505569791793822,
        1.2162061080932618,
        1.1912173844575882,
        1.1725644170045852,
        1.1584873768091202,
        1.1487075482606888,
        1.1440099812746047
    ],
    "valid loss": [
        1.4982436406612396,
        1.2882649827003478,
        1.1858203685283661,
        1.1381756728887558,
        1.1091173684597015,
        1.0806888675689696,
        1.0751906868815422,
        1.050188004374504,
        1.04504041492939,
        1.0396747672557831
    ],
    "train time": 442.6709957109997,
    "test args": {
        "batch_size": 2048
    },
    "test accuracy": 0.2385546875
}