{
    "device": "NVIDIA GeForce RTX 5090",
    "model class": "MultiLayLSTM",
    "dataset class": "ArithDataset",
    "dataset sizes": [
        512000,
        102400,
        51200
    ],
    "model args": {
        "d_model": 128,
        "d_lstm": 512,
        "n_lay": 5
    },
    "model size": 3292800,
    "flops per input": 121459456,
    "train args": {
        "lr": 0.0012,
        "batch_size": 512,
        "epochs": 10
    },
    "train loss": [
        1.8901282453536987,
        0.8150537790656089,
        0.5948038192093372,
        0.4702289540171623,
        0.40690551221370697,
        0.3593708311915398,
        0.32140818095207213,
        0.28956546893715857,
        0.2643345020264387,
        0.24867555351555348
    ],
    "valid loss": [
        1.0267998579144477,
        0.6698689341545105,
        0.5036829286813735,
        0.4375402973592281,
        0.3849022111296654,
        0.3575428356230259,
        0.32950167164206506,
        0.31240531116724013,
        0.3064252846688032,
        0.3061273258179426
    ],
    "train time": 4770.440972144017,
    "test args": {
        "batch_size": 512
    },
    "test accuracy": 0.73265625
}
