{
    "device": "NVIDIA GeForce RTX 2060 with Max-Q Design",
    "model class": "MultiLayLSTM",
    "dataset class": "ArithDataset",
    "dataset sizes": [
        512000,
        102400,
        51200
    ],
    "model args": {
        "d_model": 64,
        "d_lstm": 256,
        "n_lay": 4
    },
    "model size": 661760,
    "flops per input": 25003392,
    "train args": {
        "lr": 0.0025,
        "batch_size": 512,
        "epochs": 10
    },
    "train loss": [
        1.7710713161826133,
        0.8625587973594665,
        0.7105523394346237,
        0.614713424026966,
        0.5392315547764301,
        0.48608389019966125,
        0.4476778372824192,
        0.41601485577225683,
        0.3894707868695259,
        0.37449491482973096
    ],
    "valid loss": [
        1.0068041160702705,
        0.7432146430015564,
        0.6442451652884483,
        0.5574910788238049,
        0.5040267200767994,
        0.45223850637674334,
        0.42175903081893923,
        0.4052544285356998,
        0.38635560885071757,
        0.3810723835229874
    ],
    "train time": 41611.429565246,
    "test args": {
        "batch_size": 512
    },
    "test accuracy": 0.66640625
}