{
    "device": "NVIDIA GeForce RTX 5090",
    "model class": "ReTrans",
    "dataset class": "ArithDataset",
    "dataset sizes": [
        512000,
        102400,
        51200
    ],
    "model args": {
        "d_model": 128,
        "d_sa": 128,
        "d_lstm": 512,
        "n_head": 8,
        "n_lay": 5
    },
    "model size": 3624960,
    "flops per input": 134765696,
    "train args": {
        "lr": 0.0012,
        "batch_size": 512,
        "epochs": 10
    },
    "train loss": [
        1.9074058065414428,
        0.7693236919045449,
        0.5318999315500259,
        0.4343617558479309,
        0.3693215490579605,
        0.3255126092433929,
        0.29188332088291646,
        0.25951124069094655,
        0.2351933344453573,
        0.21945136532187462
    ],
    "valid loss": [
        0.9852985844016076,
        0.6133500170707703,
        0.4518956737220287,
        0.3869565436244011,
        0.3511736316978931,
        0.3209754979610443,
        0.30027740955352783,
        0.28799277745187285,
        0.2794188380986452,
        0.2811704167723656
    ],
    "train time": 11170.369487924967,
    "test args": {
        "batch_size": 512
    },
    "test accuracy": 0.75443359375
}
