{
    "device": "NVIDIA GeForce RTX 2060 with Max-Q Design",
    "model class": "LSTMTrans",
    "dataset class": "HexDataset",
    "dataset sizes": [
        512000,
        102400,
        51200
    ],
    "model args": {
        "d_model": 128,
        "d_sa": 128,
        "d_lstm": 512,
        "n_head": 8,
        "n_lay": 5
    },
    "model size": 3624320,
    "flops per input": 83786240,
    "train args": {
        "lr": 0.0011,
        "batch_size": 512,
        "epochs": 10
    },
    "train loss": [
        2.5004554558992385,
        1.7373824132680893,
        1.5163624945878982,
        1.4150631860494614,
        1.3374423005580902,
        1.2815130188465118,
        1.2379885540008544,
        1.202630052447319,
        1.1752028143405915,
        1.1593166725635529
    ],
    "valid loss": [
        2.036386425495148,
        1.5568448495864868,
        1.4460667550563813,
        1.3549230605363847,
        1.2894322431087495,
        1.241274346113205,
        1.1998033094406129,
        1.1653446990251541,
        1.138665211200714,
        1.1253082925081253
    ],
    "train time": 3735.337957536,
    "test args": {
        "batch_size": 512
    },
    "test accuracy": 0.014609375
}