{
    "device": "NVIDIA GeForce RTX 2060 with Max-Q Design",
    "model class": "DecTrans",
    "dataset class": "ArithDataset",
    "dataset sizes": [
        512000,
        102400,
        51200
    ],
    "model args": {
        "d_model": 64,
        "d_sa": 64,
        "d_ffwd": 256,
        "n_head": 8,
        "n_lay": 3
    },
    "model size": 149952,
    "flops per input": 6281856,
    "train args": {
        "lr": 0.0045,
        "batch_size": 512,
        "epochs": 10
    },
    "train loss": [
        1.8422663145065308,
        1.261986552119255,
        1.128531390786171,
        1.0592733330726622,
        1.0140410518050194,
        0.9780216436982155,
        0.9465406901836395,
        0.92012608730793,
        0.9006966421604157,
        0.8900110773444175
    ],
    "valid loss": [
        1.3432064759731293,
        1.1151178324222564,
        0.9947917404770851,
        0.9386976984143257,
        0.8945380455255508,
        0.8550257554650307,
        0.8201802915334702,
        0.7917963987588883,
        0.7758755579590797,
        0.7685770758986473
    ],
    "train time": 567.8624524200022,
    "test args": {
        "batch_size": 512
    },
    "test accuracy": 0.39556640625
}