{
    "device": "NVIDIA GeForce RTX 2060 with Max-Q Design",
    "model class": "MultiLayLSTM",
    "dataset class": "ArithDataset",
    "dataset sizes": [
        512000,
        102400,
        51200
    ],
    "model args": {
        "d_model": 32,
        "d_lstm": 128,
        "n_lay": 3
    },
    "model size": 125280,
    "flops per input": 4713216,
    "train args": {
        "lr": 0.005,
        "batch_size": 512,
        "epochs": 10
    },
    "train loss": [
        1.7018428354263306,
        0.9534566441774368,
        0.8264101778864861,
        0.7554308599829673,
        0.699033598780632,
        0.6574932389259338,
        0.6174327049851418,
        0.5849983739256859,
        0.5587114151716233,
        0.5438473833203316
    ],
    "valid loss": [
        1.0653146877884865,
        0.8498541280627251,
        0.7603922486305237,
        0.6978403994441033,
        0.652778711616993,
        0.6282070010900498,
        0.5777805489301682,
        0.5514845453202725,
        0.531218146532774,
        0.5229521496593952
    ],
    "train time": 7152.997314622,
    "test args": {
        "batch_size": 512
    },
    "test accuracy": 0.5579296875
}