{
    "device": "NVIDIA GeForce RTX 2060 with Max-Q Design",
    "model class": "DecTrans",
    "dataset class": "SingleSatDataset",
    "dataset sizes": [
        512000,
        102400,
        51200
    ],
    "model args": {
        "d_model": 64,
        "d_sa": 64,
        "d_ffwd": 256,
        "n_head": 8,
        "n_lay": 3
    },
    "model size": 149952,
    "flops per input": 25567232,
    "train args": {
        "lr": 0.002,
        "batch_size": 512,
        "epochs": 10
    },
    "train loss": [
        1.2535431444644929,
        0.4980006584823132,
        0.4910478736758232,
        0.4879895176589489,
        0.4815379436314106,
        0.4426071213185787,
        0.4047021138370037,
        0.37796842724084856,
        0.36723631057143213,
        0.3620361711978912
    ],
    "valid loss": [
        0.5054931715130806,
        0.4868938392400742,
        0.4839777331054211,
        0.4834094923734665,
        0.4454889884591103,
        0.4023232378065586,
        0.3501977737247944,
        0.33194773122668264,
        0.3240316390991211,
        0.3201486304402351
    ],
    "train time": 3276.4881034260034,
    "test args": {
        "batch_size": 512
    },
    "test accuracy": 0.2616015625
}