{
    "device": "NVIDIA GeForce RTX 2060 with Max-Q Design",
    "model class": "DecTrans",
    "dataset class": "SingleSatDataset",
    "dataset sizes": [
        512000,
        102400,
        51200
    ],
    "model args": {
        "d_model": 64,
        "d_sa": 64,
        "d_ffwd": 256,
        "n_head": 8,
        "n_lay": 3
    },
    "model size": 149952,
    "flops per input": 25567232,
    "train args": {
        "lr": 0.0025,
        "batch_size": 512,
        "epochs": 10
    },
    "train loss": [
        1.1974862194657325,
        0.5431675109863281,
        0.495619270414114,
        0.4899928950965404,
        0.48743908166885375,
        0.48482249277830125,
        0.47889783212542536,
        0.46649794295430186,
        0.4526981686353683,
        0.4440934619009495
    ],
    "valid loss": [
        0.5928868928551674,
        0.5001838156580924,
        0.48583272710442543,
        0.48685052260756495,
        0.48298773854970933,
        0.48036056876182553,
        0.4668682695925236,
        0.44631674125790594,
        0.4271774262189865,
        0.42014350682497026
    ],
    "train time": 2818.062519698,
    "test args": {
        "batch_size": 512
    },
    "test accuracy": 0.16107421875
}