{
    "device": "NVIDIA GeForce RTX 2060 with Max-Q Design",
    "model class": "DecTrans",
    "dataset class": "ArithDataset",
    "dataset sizes": [
        512000,
        102400,
        51200
    ],
    "model args": {
        "d_model": 128,
        "d_sa": 128,
        "d_ffwd": 512,
        "n_head": 8,
        "n_lay": 4
    },
    "model size": 793088,
    "flops per input": 31659776,
    "train args": {
        "lr": 0.0021,
        "batch_size": 512,
        "epochs": 10
    },
    "train loss": [
        1.8906143083572389,
        1.161720846235752,
        0.9846447748541832,
        0.8919241426587105,
        0.8225945569872856,
        0.7699020345807075,
        0.7230378789901734,
        0.6861521946191788,
        0.6611236752867699,
        0.6458979809880256
    ],
    "valid loss": [
        1.2920353144407273,
        0.9810761451721192,
        0.8691848105192185,
        0.764940513074398,
        0.7064478126168251,
        0.6532869127392769,
        0.6097106292843819,
        0.5801679061353207,
        0.5627502720057964,
        0.5471455623209477
    ],
    "train time": 2538.9212980929988,
    "test args": {
        "batch_size": 512
    },
    "test accuracy": 0.547421875
}