{
    "device": "NVIDIA GeForce RTX 2060 with Max-Q Design",
    "model class": "DecTrans",
    "dataset class": "ArithDataset",
    "dataset sizes": [
        512000,
        102400,
        51200
    ],
    "model args": {
        "d_model": 256,
        "d_sa": 256,
        "d_ffwd": 1024,
        "n_head": 8,
        "n_lay": 5
    },
    "model size": 3948800,
    "flops per input": 153809408,
    "train args": {
        "lr": 0.001,
        "batch_size": 512,
        "epochs": 10
    },
    "train loss": [
        1.937625505924225,
        1.0969782224297524,
        0.8928909234404564,
        0.7823247211575508,
        0.701970541536808,
        0.6283748939633369,
        0.5683061064481735,
        0.5255665116608143,
        0.4965611586868763,
        0.48029160806536675
    ],
    "valid loss": [
        1.235359883904457,
        0.8986756944656372,
        0.7634931144118309,
        0.6692237854003906,
        0.5858172035217285,
        0.5144133335351944,
        0.469415642619133,
        0.4412660925090313,
        0.4229532764852047,
        0.4126733322441578
    ],
    "train time": 34506.943089803,
    "test args": {
        "batch_size": 512
    },
    "test accuracy": 0.65294921875
}